<?xml version="1.0" encoding="UTF-8"?>
<calendar-object>
	<calendar-month-object>
		<month-name>March</month-name>
		<calendar-year>2007</calendar-year>
		<month-number>3</month-number>
		<month-days>31</month-days>
		<start-day>5</start-day>
	</calendar-month-object>
	<calendar-event-object>
		<start-date>03/05/2007</start-date>
		<end-date>03/05/2007</end-date>
		<start-time>8:00 PM</start-time>
		<end-time>8:00 PM</end-time>
		<subject>Test subject</subject>
		<all-day-event>false</all-day-event>
		<private>false</private>
	</calendar-event-object>
</calendar-object>
